BR,RT,DAY,STOP,NEW BR,NEW RT,NEW DAY,NEW STOP,CUST,CUST NAME,HOUSE NUMBER,ADDRESS,CITY,ZIP,EST DATE,BIG 5 AVG,COMP AVG
650,01,01,01,650,01,01,01,236500003,LAS ESPERANZAS CAFE 3 ,6500,EASTERN AVENUE,BALTIMORE,21224,01/03/2023,353.95,0.00
650,01,01,03,650,01,01,03,65047797,BOULEVARD DINER,1660,MERRITT BOULEVARD,DUNDALK,21222,04/04/2002,2026.13,830.97
650,01,01,04,650,01,01,04,650643,FRIENDLY'S DUNDALK,1579,MERRITT BOULEVARD,DUNDALK,21222,04/15/2010,230.63,87.98
650,01,01,05,650,01,01,05,650470,SCOOZZI'S RESTAURANT,7625,GERMAN HILL ROAD,DUNDALK,21222,04/15/2008,399.00,0.00
650,01,01,"02,04",650,01,01,"02,04",146500016,JIMMY'S FAMOUS SEAFOOD,6526,HOLABIRD AVENUE,BALTIMORE,21224-6244,05/01/2014,2044.16,91.13
650,01,02,01,650,01,02,01,6501022,KABUTO,8813,PULASKI HIGHWAY,ESSEX,21221,06/10/2013,581.59,0.00
650,01,02,02,650,01,02,02,146500020,TACO LOVE GRILL,11550,PHILADELPHIA ROAD,WHITE MARSH,21162,05/16/2014,865.75,212.50
650,01,02,03,650,01,02,03,650892,ROSARIO'S RESTAURANT,7301,PULASKI HIGHWAY,ROSEDALE,21237-2527,05/15/2012,840.68,10.08
650,01,02,04,650,01,02,04,650894,HIBACHI GRILL & BUFFET,7911,EASTERN AVENUE,BALTIMORE ,21224-2141,06/11/2012,1082.39,11.85
650,01,02,05,650,01,02,05,156500451,ENDY'S GRILL,1328,EASTERN BOULEVARD,ESSEX,21221,12/30/2015,285.00,0.00
650,01,03,01,650,01,03,01,196500032,MINDPUB,554,EAST FORT AVENUE,BALTIMORE,21230-4751,11/20/2019,205.00,0.00
650,01,03,02,650,01,03,02,650707,PARK BENCH,1749,BELT STREET,BALTIMORE,21230-4707,10/13/2010,0.00,0.00
650,01,03,03,650,01,03,03,176500031,HERSH'S,1843,LIGHT STREET,BALTIMORE,21230-4920,12/07/2017,305.41,36.50
650,01,03,04,650,01,03,04,216500021,WATER SONG ,21,EAST CROSS STREET,BALTIMORE,21230,06/10/2021,219.32,0.00
650,01,03,05,650,01,03,05,236500010,BE MORE THAI,1006,LIGHT STREET,BALTIMORE,21230-4018,03/06/2023,264.00,0.00
650,01,03,06,650,01,03,06,65047430,THAI ARROY,1019,LIGHT STREET,BALTIMORE,21230,09/10/2006,161.46,0.00
650,01,03,07,650,01,03,07,236500015,VIDA TACO BAR,333,WEST CAMDEN STREET,BALTIMORE,21201,04/24/2023,0.00,0.00
650,01,03,08,650,01,03,08,650868,PRATT STREET ALE HOUSE,206,WEST PRATT STREET,BALTIMORE,21201-2426,01/13/2012,661.42,211.42
650,01,04,01,650,01,04,01,246500002,ATTMAN'S BALTIMORE,1401,POINT STREET,BALTIMORE,21231,01/08/2024,680.70,135.70
650,01,04,02,650,01,04,02,196500008,SWEETGREEN - HARBOR EAST,1306,FLEET STREET,BALTIMORE,21231,01/30/2019,1154.73,792.32
650,01,04,03,650,01,04,03,166500111,TACO FIESTA,618,SOUTH EXETER STREET,BALTIMORE,21202,03/04/2016,319.32,56.35
650,01,04,04,650,01,04,04,650938,GERMANO'S TRATTORIA,300,SOUTH HIGH STREET,BALTIMORE,21202-4333,10/15/2012,0.00,0.00
650,01,04,05,650,01,04,05,196500020,AMICCIS,231,SOUTH HIGH STREET,BALTIMORE,21202-4454,08/15/2019,715.00,0.00
650,01,04,06,650,01,04,06,65092620,LA TAVOLA,248,ALBEMARLE STREET,BALTIMORE,21202-4455,04/08/1997,391.31,45.38
650,01,04,07,650,01,04,07,226500030,AMMOORA RESTAURANT,751,KEY HIGHWAY,BALTIMORE,21230,10/03/2022,382.17,0.00
650,01,05,01,650,01,05,01,650936,PHO 7 RICH,4136,EAST JOPPA ROAD,NOTTINGHAM,21236-2286,10/10/2012,245.82,0.00
650,01,05,02,650,01,05,02,650944,MISSION BBQ NOTTINGHAM,4132,EAST JOPPA ROAD,NOTTINGHAM,21236,10/22/2012,775.33,248.31
650,01,05,03,650,01,05,03,216500016,PHO SAIGON HANOI ,9613,HARFORD ROAD,PARKVILLE,21234-2150,05/20/2021,315.00,0.00
650,01,05,04,650,01,05,04,650502,HOUSE OF KABOB,8025,HARFORD ROAD,PARKVILLE,21234,09/04/2008,215.00,0.00
650,01,05,05,650,01,05,05,650485,VALENTINO'S RESTAURANT,6627,HARFORD ROAD,BALTIMORE,21214-1306,06/04/2008,800.00,0.00
650,01,05,06,650,01,05,06,156500378,SILVER QUEEN CAFE,5427,HARFORD ROAD,BALTIMORE,21214-2217,10/13/2015,317.39,30.25
650,01,05,07,650,01,05,07,226500032,CAFE CAMPLI,4801,HARFORD ROAD,BALTIMORE,21214-2935,12/05/2022,331.75,91.75
650,01,06,09,650,01,06,09,246500008,JUICY KING CRAB,7916,BELAIR ROAD,NOTTINGHAM,21236,02/27/2024,171.33,0.00
650,01,06,10,650,01,06,10,65065391,CHINA WOK,7916,HONEYGO BOULEVARD,NOTTINGHAM,21236,06/15/2004,189.00,0.00
650,01,06,11,650,01,06,11,196500028,AKIRA RAMEN ,8133,HONEYGO BOULEVARD,WHITE MARSH,21236,09/17/2019,246.30,20.50
650,01,06,12,650,01,06,12,650389,KOBE JAPANESE STEAK HOUSE,8165,HONEYGO BOULEVARD,NOTTINGHAM,21236-8208,12/29/2006,394.93,0.00
650,01,06,13,650,01,06,13,166500243,EDORRITO ASIAN BISTRO,5203,CAMPBELL BOULEVARD,NOTTINGHAM,21236,10/25/2016,246.00,0.00
650,01,06,14,650,01,06,14,166500236,LEDO PIZZA OF WHITE MARSH,5350,CAMPBELL BOULEVARD,NOTTINGHAM,21236-4914,09/26/2016,534.00,284.00
650,01,06,15,650,01,06,15,186500025,THAI RAINBOW RESTAURANT,750,CONCOURSE CIRCLE,MIDDLE RIVER,21220-2995,09/06/2018,216.63,9.12
650,01,06,16,650,01,06,16,166500248,VINCE’S CRAB HOUSE,610,COMPASS ROAD,MIDDLE RIVER,21220,11/23/2016,312.61,20.83
650,01,07,02,650,01,07,02,650433,HAN JOONG KWAN,9338,BALTIMORE NATIONAL PIKE,ELLICOTT CITY,21042-2805,08/15/2007,275.56,10.55
650,01,07,03,650,01,07,03,146500058,MISSION BBQ COLUMBIA,6270,COLUMBIA CROSSING CIRCLE,COLUMBIA,21045,06/24/2014,1026.36,166.13
650,01,07,"01,01",650,01,07,"01,01",65091580,SHANNON'S SALOON & RESTAURANT,9338,BALTIMORE NATIONAL PIKE,ELLICOTT CITY,21042-2805,12/29/2003,2112.21,1321.17
650,01,07,"04,02",650,01,07,"04,02",6501006,THE ALL AMERICAN STEAKHOUSE,3615,EAST JOPPA ROAD,PARKVILLE,21234,05/01/2013,1171.26,244.68
650,01,08,01,650,01,08,01,650432,EL SALVADOR RESTAURANT,207,SOUTH BROADWAY,BALTIMORE,21231-2406,08/06/2007,414.85,0.00
650,01,08,02,650,01,08,02,166500229,ANGIE'S SEAFOOD,1727,EAST PRATT STREET,BALTIMORE,21231-1819,08/26/2016,471.14,0.00
650,01,08,03,650,01,08,03,216500032,LITTLE DONNA'S ,1812,BANK STREET,BALTIMORE,21231-2506,09/08/2021,321.09,0.00
650,01,08,04,650,01,08,04,216500001,ASAHI SUSHI,514,SOUTH BROADWAY,BALTIMORE,21231-2912,01/04/2021,0.00,0.00
650,01,08,05,650,01,08,05,156500195,TWIST FELLS POINT,723,SOUTH BROADWAY,BALTIMORE,21231-3407,06/22/2015,249.50,0.00
650,01,08,06,650,01,08,06,176500002,PENNY BLACK,1800,THAMES STREET,BALTIMORE,21231-3509,02/17/2017,184.00,0.00
650,01,08,08,650,01,08,08,650479,BLACK OLIVE RESTAURANT,901,SOUTH BOND STREET,BALTIMORE,21231-3339,05/12/2008,197.63,0.00
650,01,08,"07,03",650,01,08,"07,03",650778,THAMES STREET OYSTER,1728,THAMES STREET,BALTIMORE,21231,04/18/2011,580.91,0.00
650,01,09,01,650,01,09,01,196500009,AKIRA RAMEN & IZAKAYA,3731,BOSTON STREET,BALTIMORE,21224,03/12/2019,250.92,0.00
650,01,09,02,650,01,09,02,166500075,CHESAPEAKE WINE COMPANY,2400,BOSTON STREET,BALTIMORE,21224,02/29/2016,205.00,0.00
650,01,09,03,650,01,09,03,146500261,KATANA SUSHI BALTIMORE,845,SOUTH MONTFORD AVENUE,BALTIMORE,21224-3643,12/16/2014,175.00,0.00
650,01,09,04,650,01,09,04,196500033,NIHAO,2322,BOSTON STREET,BALTIMORE,21224-3601,10/09/2019,654.21,102.17
650,01,09,05,650,01,09,05,186500024,CHARMED KITCHEN,123,SOUTH CHESTER STREET,BALTIMORE,21231-2010,09/04/2018,269.50,20.50
650,01,09,06,650,01,09,06,206500015,FRESH EXPRESS,525,NORTH WOLFE STREET,BALTIMORE,21205-2110,12/14/2020,269.00,0.00
650,01,10,01,650,01,10,01,236500009,OVENBIRD BAKERY,300,"3925 GOUGH STREET, STE 2",BALTIMORE,21224,03/01/2023,562.47,205.40
650,01,10,02,650,01,10,02,650826,K & D RESTAURANT,3706,EASTERN AVENUE,BALTIMORE,21224-4207,08/29/2011,222.70,17.70
650,01,10,03,650,01,10,03,196500013,PHO BAC,700,SOUTH POTOMAC STREET,BALTIMORE,21224-3955,04/19/2019,240.76,0.00
650,01,10,04,650,01,10,04,6501046,MISSION BBQ CANTON,3701,BOSTON STREET,BALTIMORE,21224,08/15/2013,488.36,29.43
650,01,10,05,650,01,10,05,236500017,SCHOLA,2744,LIGHTHOUSE POINT EAST,BALTIMORE,21224,05/22/2023,256.62,0.00
650,01,10,06,650,01,10,06,196500024,NAKED GRILL SUSHI AND YAKITORI,2748,LIGHTHOUSE POINT EAST,BALTIMORE,21224-4759,08/26/2019,276.00,0.00
650,01,11,01,650,01,11,01,236500023,MISSION BBQ - WILMINGTON,3662,CONCORD PIKE,WILMINGTON,19803,07/17/2023,806.55,115.79
650,01,11,02,650,01,11,02,166500225,HIBACHI GRILL & SUPREME SUSHI BUFFET,4403,KIRKWOOD HIGHWAY,WILMINGTON,19808,07/29/2016,716.09,0.00
650,01,11,03,650,01,11,03,226500017,PLAZA AZTECA,928,BEAR CORBITT ROAD,NEWARK,19702,07/11/2022,1095.47,25.43
650,01,12,01,650,01,12,01,226500025,FIESTA MAYA MEXICAN GRILL,200,PENCADER PLAZA,NEWARK,19713,09/21/2022,270.35,0.00
650,01,12,02,650,01,12,02,216500002,KUNGFU HOTPOT ,230,EAST MAIN STREET,NEWARK,19711,01/04/2021,354.96,0.00
650,01,12,03,650,01,12,03,216500004,FREDDY'S WINGS AND WRAPS ,174,EAST MAIN STREET,NEWARK,19711-7309,01/11/2021,220.00,0.00
650,01,12,04,650,01,12,04,196500014,ROOTS NATURAL KITCHEN,120,EAST MAIN STREET,NEWARK,19711,05/16/2019,518.51,0.00
650,01,12,05,650,01,12,05,65040669,NEWARK COUNTRY CLUB,300,WEST MAIN STREET,NEWARK,19711-3218,04/12/2006,178.55,0.00
650,01,12,06,650,01,12,06,650419,LA CUCINA RESTAURANT,103,NORTH WASHINGTON STREET,HAVRE DE GRACE,21078,05/16/2007,351.44,0.00
650,01,13,05,650,01,13,05,650748,SUPANO'S STEAK HOUSE,110,WATER STREET,BALTIMORE,21202-1001,01/31/2011,225.00,0.00
650,01,13,06,650,01,13,06,226500023,ROSINA'S GOURMET,300,EAST LOMBARD STREET,BALTIMORE,21202-3219,09/27/2022,297.00,0.00
650,01,13,07,650,01,13,07,196500023,ROD DEE THAI,340,NORTH CHARLES STREET,BALTIMORE,21201,08/19/2019,80.00,0.00
650,01,13,08,650,01,13,08,65093622,SOTTO SOPRA,405,NORTH CHARLES STREET,BALTIMORE,21201-0000,07/12/1999,387.23,0.00
650,01,13,09,650,01,13,09,146500121,IGGIES RESTAURANT,818,NORTH CALVERT STREET,BALTIMORE,21202,08/13/2014,0.00,0.00
650,01,13,10,650,01,13,10,176500020,CAFE FILI,816,CATHEDRAL STREET,BALTIMORE,21201,06/05/2017,252.22,0.00
650,01,13,11,650,01,13,11,216500030,CENTRAL BAR ,885,NORTH HOWARD STREET,BALTIMORE,21201,08/27/2021,0.00,0.00
650,01,13,12,650,01,13,12,236500028,NOONA'S PIZZA,1203,WEST MOUNT ROYAL AVENUE,BALTIMORE,21217,11/16/2023,246.60,10.08
650,01,14,06,650,01,14,06,186500030,LE COMPTOIR DU VIN,1729,MARYLAND AVENUE,BALTIMORE,21201,10/25/2018,288.41,56.45
650,01,14,07,650,01,14,07,216500029,CHURCH BAR,2219 ,MARYLAND AVE,BALTIMORE,21218,08/10/2021,0.00,0.00
650,01,14,08,650,01,14,08,216500031,SAKOON INDIAN FUSION,3105 B,ST. PAUL STREET,BALTIMORE,21218,09/07/2021,189.00,0.00
650,01,14,09,650,01,14,09,236500019,TOKI UNDERGROUND,2731,GREENMOUNT AVENUE,BALTIMORE,21218-4496,06/21/2023,287.27,41.27
650,01,14,10,650,01,14,10,65040034,CHARLES VILLAGE PUB ,3107,SAINT PAUL STREET,BALTIMORE,21218-3841,03/14/2002,314.93,0.00
650,01,14,11,650,01,14,11,65086721,TAMBERS NIFTY FIFTY,3327,SAINT PAUL STREET,BALTIMORE,21218-3254,05/16/2006,185.00,0.00
650,01,14,12,650,01,14,12,226500016,KAJIKEN,7,EAST 33RD STREET,BALTIMORE,21218,07/15/2022,318.36,0.00
650,01,14,13,650,01,14,13,236500018,BE.BIM KOREAN BBQ,301,WEST 29TH STREET,BALTIMORE,21211-2910,06/19/2023,240.00,0.00
650,01,15,01,650,01,15,01,216500015,REMI'S ,300,W. 30TH STREET,BALTIMORE,21211,04/16/2021,0.00,0.00
650,01,15,02,650,01,15,02,156500396,COSIMA,3000,FALLS ROAD,BALTIMORE,21211,11/04/2015,932.63,361.15
650,01,15,03,650,01,15,03,6505398,ON THE HILL CAFE,1431,JOHN STREET,BALTIMORE,21217,06/21/2005,155.28,0.00
650,01,15,04,650,01,15,04,196500012,THE TILTED ROW,305,MC MECHEN STREET,BALTIMORE,21217,04/09/2019,571.15,0.00
650,01,15,05,650,01,15,05,226500021,BALTIMORE UNITY HALL,1505,EUTAW PLACE,BALTIMORE,21217,08/11/2022,0.00,0.00
650,01,15,06,650,01,15,06,236500006,TUERK HOUSE,730,ASHBURTON STREET,BALTIMORE,21216-4703,01/10/2023,266.54,0.00
650,01,15,07,650,01,15,07,206500007,FAYETTE HOUSE ,15,SOUTH FULTON AVENUE,BALTIMORE,21217,05/04/2020,239.00,0.00
650,01,15,08,650,01,15,08,246500007,FLOCK,1415,WASHINGTON BOULEVARD,BALTIMORE,21230-1830,01/25/2024,205.53,42.20
650,01,16,01,650,01,16,01,65094609,LEE'S HUNAN,971,BEARDS HILL ROAD,ABERDEEN,21001,05/03/1990,242.19,0.00
650,01,16,02,650,01,16,02,650820,LA TOLTECA ABERDEEN,984,HOSPITALITY WAY,ABERDEEN,21001-1779,08/25/2011,671.73,0.00
650,01,16,03,650,01,16,03,650827,LA TOLTECA BEL AIR,2350,EAST CHURCHVILLE ROAD,BEL AIR,21015-1721,09/07/2011,308.44,0.00
650,01,16,04,650,01,16,04,6501052,LEE'S ASIAN BISTRO,1408,HANDLIR DRIVE,BEL AIR,21015-6600,09/12/2013,222.72,12.72
650,01,16,05,650,01,16,05,236500001,HUO GUO BEL AIR,5,BEL AIR SOUTH PARKWAY,BEL AIR,21015,12/30/2022,517.77,0.00
650,01,16,06,650,01,16,06,236500011,LATITUDE SEAFOOD,5,BEL AIR SOUTH PARKWAY,BEL AIR,21015-6094,03/06/2023,1593.30,604.30
650,01,16,07,650,01,16,07,6501086,INDIA GARDEN,5,BEL AIR SOUTH PARKWAY,BEL AIR,21015,03/31/2014,165.00,0.00
650,01,18,01,650,01,18,01,650814,SIZZLING BOMBAY,2108,OLD EMMORTON ROAD,BEL AIR,21015-6800,08/02/2011,240.00,0.00
650,01,18,02,650,01,18,02,650996,LEMON N' GINGER,3491,MERCHANT BOULEVARD,ABINGDON,21009,03/29/2013,335.09,0.00
650,01,18,03,650,01,18,03,176500019,ISLAND SPICE CUISINE,2120,EMMORTON PARK ROAD,EDGEWOOD,21040-1066,05/24/2017,703.77,402.78
650,01,18,04,650,01,18,04,216500019,VENETIAN ITALIAN EATERY,1901,TREE TOP DRIVE,EDGEWOOD,21040-1632,06/04/2021,493.65,20.83
650,01,18,05,650,01,18,05,156500405,LA TOLTECA JOPPA,1411,MOUNTAIN ROAD,EDGEWOOD,21085,12/03/2015,538.90,0.00
650,01,18,06,650,01,18,06,65094414,DELLIS' BAR & GRILL,8776,PHILADELPHIA ROAD,ROSEDALE,21237,04/25/2001,1077.53,359.18
650,01,19,01,650,01,19,01,6501056,BOMBAY NIGHTS,5007,HONEYGO CENTER DRIVE,PERRY HALL ,21128,05/01/2013,275.00,0.00
650,01,19,02,650,01,19,02,65023694,CHOPSTIX CAFE,5002,HONEYGO CENTER DRIVE,PERRY HALL ,21128,09/21/2004,245.00,0.00
650,01,19,03,650,01,19,03,166500206,TASTE OF TAJ,9810,BELAIR ROAD,PERRY HALL ,21128,04/29/2016,179.00,0.00
650,01,19,04,650,01,19,04,226500014,RAVAGE DELI,9636,BELAIR ROAD,NOTTINGHAM,21236,07/11/2022,240.00,0.00
650,01,19,05,650,01,19,05,650721,FRIENDLY'S PERRY HALL,9551,BELAIR ROAD,NOTTINGHAM,21236-1509,12/03/2010,323.40,140.39
650,01,19,06,650,01,19,06,196500015,EL SALTO - PERRY HALL,4335,EBENEZER ROAD,PERRY HALL ,21236-2143,05/16/2019,555.18,19.53
650,01,19,07,650,01,19,07,650890,YAMA SUSHI PERRY HALL,4347,EBENEZER ROAD,NOTTINGHAM,21236-2143,05/04/2012,190.00,0.00
650,02,01,01,650,02,01,01,6501054,LA TOLTECA COCKEYSVILLE,10010,YORK ROAD,COCKEYSVILLE,21030-3304,09/16/2013,284.18,0.00
650,02,01,02,650,02,01,02,156500107,ROYAL KITCHEN,9832,YORK ROAD,COCKEYSVILLE,21030-4914,03/26/2015,130.00,0.00
650,02,01,03,650,02,01,03,65092857,EDO SUSHI TIMONIUM,53,EAST PADONIA ROAD,TIMONIUM,21093,11/19/1997,185.43,0.00
650,02,01,04,650,02,01,04,156500046,CUVINO,61,EAST PADONIA ROAD,TIMONIUM,21093-2346,02/23/2015,597.96,0.00
650,02,01,05,650,02,01,05,216500009,KUNG FU 12 SZECHUAN - TIMONIUM,1427,YORK ROAD,TIMONIUM,21093,02/15/2021,473.84,0.00
650,02,02,01,650,02,02,01,65062066,LEDO PIZZA OF ELLICOTT CITY,8480,BALTIMORE NATIONAL PIKE,ELLICOTT CITY,21043,11/18/2002,635.00,231.93
650,02,02,02,650,02,02,02,156500402,ZEN GARDEN,10039,BALTIMORE NATIONAL PIKE,ELLICOTT CITY,21042,12/03/2015,68.33,0.00
650,02,02,03,650,02,02,03,226500028,BBQ CHICKEN,8801,BALTIMORE NATIONAL PIKE,ELLICOTT CITY,21043-4123,10/03/2022,258.36,0.00
650,02,02,04,650,02,02,04,216500027,KUNG FU TEA ,9210,BALTIMORE NATIONAL PIKE,ELLICOTT CITY,21042,08/06/2021,160.40,160.40
650,02,02,05,650,02,02,05,226500004,PHO 5UP - HANOVER,1350,DORSEY ROAD,HANOVER,21076-1433,01/24/2022,240.00,0.00
650,02,02,06,650,02,02,06,176500010,K POCHA,8801,BALTIMORE NATIONAL PIKE,ELLICOTT CITY,21043,03/30/2017,215.00,0.00
650,02,02,"07,04",650,02,02,"07,04",226500007,CHARM CITY BUFFET,2033,EAST JOPPA ROAD,PARKVILLE,21234,05/23/2022,1199.57,26.47
650,02,03,02,650,02,03,02,226500012,THE CRAZY MASON MILKSHAKE BAR,8225,MAIN STREET,ELLICOTT CITY,21043-4620,06/29/2022,314.93,17.93
650,02,03,03,650,02,03,03,186500038,UMI SUSHI,8167,MAIN STREET,ELLICOTT CITY,21043,12/28/2018,380.00,0.00
650,02,03,04,650,02,03,04,650496,CITY VIEW RESTAURANT,6700,SECURITY BOULEVARD,WOODLAWN,21207-4038,07/21/2008,486.20,42.20
650,02,03,05,650,02,03,05,650928,LAS VEGAS OF WOODLAWN,7091,SECURITY BOULEVARD,WOODLAWN,21244-2562,09/11/2012,240.00,0.00
650,02,03,06,650,02,03,06,6501012,NEW LIFE HEALTHY LIVING,7600,CLAYS LANE,WINDSOR MILL,21244-2003,05/31/2013,0.00,0.00
650,02,03,07,650,02,03,07,186500035,DOMINO'S PIZZA RANDALLSTOWN #4696,3502,BRENBROOK DRIVE,RANDALLSTOWN,21133-4902,12/17/2018,195.00,0.00
650,02,03,"01,03",650,02,03,"01,03",65093606,DOUBLE T DINER - ELLICOTT CITY,10055,BALTIMORE NATIONAL PIKE,ELLICOTT CITY,21042-3611,06/29/1999,2945.69,1849.63
650,02,04,03,650,02,04,03,206500014,MISSION BBQ - TOWSON,740,YORK ROAD,TOWSON,21204-2503,11/05/2020,713.08,136.57
650,02,04,"01,01",650,02,04,"01,01",650466,NAUTILUS DINER,2047,YORK ROAD,TIMONIUM,21093-4230,02/26/2008,694.10,9.22
650,02,04,"02,02",650,02,04,"02,02",650399,BLUE STONE RESTAURANT,11,WEST AYLESBURY ROAD,TIMONIUM,21093-4102,02/16/2007,2848.26,27.35
650,02,05,08,650,02,05,08,6501024,COAL FIRE PIZZA HUNT VALLEY,112,SHAWAN ROAD,COCKEYSVILLE,21030,06/17/2013,748.67,395.17
650,02,05,09,650,02,05,09,226500031,MISSION BBQ - HUNT VALLEY,128,"SHAWAN ROAD, STE 103",HUNT VALLEY,21030,12/19/2022,717.24,107.40
650,02,05,10,650,02,05,10,226500027,IZAKAYA 68,100,SHAWAN ROAD,HUNT VALLEY,21030,09/05/2022,351.96,0.00
650,02,05,11,650,02,05,11,65050465,GREEN LEAF RESTAURANT,11313,YORK ROAD,COCKEYSVILLE,21030,11/02/2004,301.08,0.00
650,02,05,12,650,02,05,12,650982,FUSION,10752,YORK ROAD,COCKEYSVILLE,21030-2121,03/12/2013,301.54,19.30
650,02,05,13,650,02,05,13,650768,CAFE SPICE INDIA CUISINE,10540,YORK ROAD,COCKEYSVILLE,21030,03/15/2011,341.22,0.00
650,02,05,14,650,02,05,14,650437,VITO'S RESTAURANT,10249,YORK ROAD,COCKEYSVILLE,21030,08/27/2007,529.47,136.70
650,02,05,15,650,02,05,15,176500023,MIKU SUSHI & STEAKHOUSE,584,CRANBROOK ROAD,COCKEYSVILLE,21030-3702,06/27/2017,225.00,0.00
650,02,06,01,650,02,06,01,226500018,AKIRA RAMEN - TOWSON,1,EAST JOPPA ROAD,TOWSON,21286,07/20/2022,388.04,0.00
650,02,06,02,650,02,06,02,216500041,SWEETGREEN -TOWSON,1,EAST JOPPA ROAD,TOWSON,21286,11/30/2021,790.36,552.24
650,02,06,03,650,02,06,03,236500020,KUNG FU 12 SUSHI,416,YORK ROAD,TOWSON,21204,06/19/2023,0.00,0.00
650,02,06,04,650,02,06,04,196500005,NEW GENERATION HOT POT,413,YORK ROAD,TOWSON,21204-5124,01/23/2019,498.79,0.00
650,02,06,05,650,02,06,05,226500026,LEDO PIZZA TOWSON,1238,PUTTY HILL AVENUE,TOWSON,21286,09/28/2022,319.12,74.12
650,02,06,06,650,02,06,06,65050330,GLORY DAYS GRILL - TOWSON,1220,EAST JOPPA ROAD,TOWSON,21286,10/23/2002,1138.30,544.23
650,02,06,07,650,02,06,07,246500001,BIRRIA LOVE,1742,EAST JOPPA ROAD,PARKVILLE,21234-3620,01/09/2024,259.43,40.55
650,02,06,08,650,02,06,08,216500028,KABUTO - JOPPA ,8810,WALTHAM WOODS ROAD,PARKVILLE,21234-2402,08/12/2021,404.28,37.73
650,02,07,01,650,02,07,01,65093711,DOUBLE T DINER - CATONSVILLE,6300,BALTIMORE NATIONAL PIKE,CATONSVILLE,21228-3901,10/05/1999,1653.79,535.13
650,02,08,01,650,02,08,01,196500035,DOMINO'S PIZZA HARRISBURG,479,EISENHOWER BOULEVARD,HARRISBURG,17111-2302,12/17/2019,239.00,0.00
650,02,08,02,650,02,08,02,196500026,MISSION BBQ - CAMP HILL ,25,NORTH 32ND STREET,MECHANICSBURG,17011-2918,08/12/2019,1138.37,53.44
650,02,08,03,650,02,08,03,176500009,MISSION BBQ HARRISBURG,5045,JONESTOWN ROAD,HARRISBURG,17112-2922,03/29/2017,641.65,35.63
650,02,08,04,650,02,08,04,196500017,J&B'S GRILL ,14,NORTH MAIN STREET,SHREWSBURY,17361-1322,06/20/2019,222.35,0.00
650,02,08,05,650,02,08,05,176500014,ECHO FREZCO SHREWSBURY,634,SHREWSBURY COMMONS AVENUE,SHREWSBURY,17361,04/13/2017,215.00,0.00
650,02,09,08,650,02,09,08,166500205,CYPRIANA ,105,WEST 39TH STREET,BALTIMORE,21210,04/28/2016,866.85,127.85
650,02,09,09,650,02,09,09,166500242,DYLAN'S OYSTER CELLAR,3601,CHESTNUT AVENUE,BALTIMORE,21211-2530,10/25/2016,212.08,0.00
650,02,09,10,650,02,09,10,166500233,FIVE AND DIME ALE HOUSE,901,WEST 36TH STREET,BALTIMORE,21211,09/19/2016,0.00,0.00
650,02,09,11,650,02,09,11,65093180,SUZIE'S SOBA,1009,WEST 36TH STREET,BALTIMORE,21211-2416,07/14/1998,0.00,0.00
650,02,09,12,650,02,09,12,650387,GOLDEN WEST ,1105,WEST 36TH STREET,BALTIMORE,21211,12/12/2006,968.69,158.25
650,02,09,13,650,02,09,13,216500039,GRANO PASTA BAR,1031,W 36TH ST,BALTIMORE,21210,11/01/2021,246.91,0.00
650,02,09,14,650,02,09,14,6503727,THE WINE SOURCE,3601,ELM AVENUE,BALTIMORE,21211-2402,11/01/2001,130.00,0.00
650,02,09,15,650,02,09,15,186500012,18-8 SUSHI,727,WEST 40TH STREET,BALTIMORE,21211,05/03/2018,215.00,0.00
650,02,10,01,650,02,10,01,650866,YAMA SUSHI BAR BALTIMORE,1030,WEST 41ST STREET,BALTIMORE,21211,01/13/2012,269.92,0.00
650,02,10,02,650,02,10,02,206500003,THE WINE COLLECTIVE,1700,WEST 41ST STREET,BALTIMORE,21211-1431,01/17/2020,440.00,0.00
650,02,10,03,650,02,10,03,186500026,WOODY'S PUB GRUB,11,MARGARET AVENUE,ESSEX,21221-6704,09/21/2018,0.00,0.00
650,02,10,04,650,02,10,04,6501084,EUROPE RESTAURANT,4147,LABYRINTH ROAD,BALTIMORE,21215-2202,02/17/2014,330.35,0.00
650,02,10,05,650,02,10,05,650639,DAVID CHU'S,7105,REISTERSTOWN ROAD,BALTIMORE ,21215-1424,04/09/2010,305.00,0.00
650,02,10,06,650,02,10,06,186500034,DOMINO'S PIZZA PIKESVILLE #4629,607,REISTERSTOWN ROAD,PIKESVILLE,21208-5115,12/17/2018,195.00,0.00
650,02,10,07,650,02,10,07,65094406,MR CHAN'S SZECHUAN REST,1000,REISTERSTOWN ROAD,PIKESVILLE,21208-4206,03/06/2001,0.00,0.00
650,02,10,08,650,02,10,08,196500001,PUNTA CANA RESTAURANT,1330,REISTERSTOWN ROAD,PIKESVILLE,21208,12/31/2018,0.00,0.00
650,02,10,09,650,02,10,09,176500032,BRAVO RESTAURANT,1430,REISTERSTOWN ROAD,PIKESVILLE,21208-3843,12/14/2017,284.82,0.00
650,02,11,01,650,02,11,01,650994,GUADALAJARA RESTAURANT,2600,EAST MARKET STREET,YORK,17402-2425,04/03/2013,215.00,0.00
650,02,11,02,650,02,11,02,186500032,DOMINO'S PIZZA YORK  #4778,930,SOUTH RICHLAND AVENUE,YORK,17403,12/17/2018,270.20,0.00
650,02,11,03,650,02,11,03,236500024,AA TO ZZ CHILD CARE,215,SAINT CHARLES WAY,YORK,17402-4643,09/11/2023,248.55,0.00
650,02,11,04,650,02,11,04,186500033,DOMINO'S PIZZA YORK #4783,351,LOUCKS ROAD,YORK,17404,12/17/2018,322.01,0.00
650,02,11,05,650,02,11,05,176500027,DISTRICT THAI,1057,NORTH GEORGE STREET,YORK,17404,09/08/2017,273.12,33.12
650,02,11,06,650,02,11,06,196500007,DOMINO'S PIZZA YORK #4785,1539,MOUNT ROSE AVENUE,YORK,17403,01/30/2019,195.00,0.00
650,02,11,07,650,02,11,07,6501030,MISSION BBQ YORK,970,LOUCKS ROAD,YORK,17404-2273,06/26/2013,1193.59,53.44
650,02,12,01,650,02,12,01,206500013,SIMPLY GREEK,23,BRIARCREST SQUARE,HUMMELSTOWN,17033,10/22/2020,220.00,0.00
650,02,12,02,650,02,12,02,650512,THE SODA JERK DINER,403,EAST MAIN STREET,HUMMELSTOWN,17036-1861,10/20/2008,750.00,0.00
650,02,12,03,650,02,12,03,216500037,MISSION BBQ - LANCASTER ,2002,FRUITVILLE PIKE,LANCASTER,17601-7200,11/17/2021,688.98,53.44
650,02,12,04,650,02,12,04,246500006,ICHIBAN,1870,FRUITVILLE PIKE,LANCASTER,17601,01/23/2024,252.48,53.15
650,02,13,01,650,02,13,01,65094668,LUCKY INN RESTAURANT,8924,WALTHAM WOODS ROAD,PARKVILLE,21234,07/18/1990,225.00,0.00
650,02,13,02,650,02,13,02,650723,REMO'S OF N.Y.,8811,WALTHAM WOODS ROAD,PARKVILLE,21234,01/01/2011,253.19,0.00
650,02,13,03,650,02,13,03,65093551,EL SALTO PARKVILLE,8816,WALTHAM WOODS ROAD,PARKVILLE,21234-2402,04/20/1999,193.45,0.00
650,02,13,05,650,02,13,05,206500010,URBAN CRAB SHACK,1991,EAST JOPPA ROAD,PARKVILLE,21234-2733,09/16/2020,662.14,112.35
650,02,13,06,650,02,13,06,156500024,EL TROVADOR MERCADO LATINO,2523,PUTTY HILL AVENUE,PARKVILLE,21234-4307,02/04/2015,221.31,0.00
650,02,13,07,650,02,13,07,236500021,PURE RAW JUICE,6809,YORK ROAD,TOWSON,21212-1510,07/17/2023,246.00,0.00
650,02,13,08,650,02,13,08,196500027,A1 SUSHI,438,EAST BELVEDERE AVENUE,BALTIMORE,21212-3035,08/29/2019,0.00,0.00
650,02,15,02,650,02,15,02,156500138,PAPER LANTERN ,2020,MARRIOTTSVILLE ROAD,MARRIOTTSVILLE,21104,04/27/2015,306.67,0.00
650,02,15,03,650,02,15,03,166500231,ASIAN COURT,11105,RESORT ROAD,ELLICOTT CITY,21042,08/31/2016,485.69,0.00
650,02,15,04,650,02,15,04,186500007,SIROO & JUK STORY,10176,BALTIMORE NATIONAL PIKE,ELLICOTT CITY,21042,03/07/2018,268.68,0.00
650,02,15,05,650,02,15,05,166500029,NIKO,3570,SAINT JOHNS LANE,ELLICOTT CITY,21042,02/01/2016,230.00,0.00
650,02,15,06,650,02,15,06,246500005,BLACK FLAG SOCIAL HOUSE,2050,MARRIOTTSVILLE ROAD,MARRIOTTSVILLE,21104,01/09/2024,1052.72,320.38
650,02,16,01,650,02,16,01,236500005,SAKE JAPANESE STEAKHOUSE,10090,REISTERSTOWN ROAD,OWINGS MILLS,21117,01/26/2023,693.00,0.00
650,02,16,02,650,02,16,02,166500235,MISSION BBQ OWINGS MILLS,10140,REISTERSTOWN ROAD,OWINGS MILLS,21117-3815,09/23/2016,905.46,133.77
650,02,16,03,650,02,16,03,650554,KAVKAZ KEBAB,10902,BOULEVARD CIRCLE,OWINGS MILLS,21117,06/01/2009,215.00,0.00
650,02,16,04,650,02,16,04,156500358,EDOMAE SUSHI,10995,OWINGS MILLS BOULEVARD,OWINGS MILLS,21117,09/15/2015,215.00,0.00
650,02,16,05,650,02,16,05,236500004,AKIRA RAMEN - OWINGS MILLS,10200,MILL RUN CIRCLE,OWINGS MILLS,21117,01/18/2023,225.00,0.00
650,02,16,06,650,02,16,06,156500029,LEDO PIZZA OF OWINGS MILLS,9706,GROFFS MILL DRIVE,OWINGS MILLS,21117,02/13/2015,210.00,0.00
650,02,16,07,650,02,16,07,236500007,NOT JUST CRAB,8731,LIBERTY ROAD,RANDALLSTOWN,21133,02/10/2023,384.28,0.00
650,02,17,01,650,02,17,01,156500186,GLORY DAYS GRILL - ELLICOTT CITY,10035,BALTIMORE NATIONAL PIKE,ELLICOTT CITY,21042,06/15/2015,1544.65,823.42
650,02,17,02,650,02,17,02,186500006,HANG ARI,9380,BALTIMORE NATIONAL PIKE,ELLICOTT CITY,21042,03/01/2018,335.31,0.00
650,02,17,03,650,02,17,03,65085524,SAKURA OF ELLICOTT CITY,10040,BALTIMORE NATIONAL PIKE,ELLICOTT CITY,21042,01/14/2003,690.03,273.02
650,02,17,04,650,02,17,04,650599,YAMA SUSHI ELLICOTT CITY,4725-G,DORSEY HALL DRIVE,ELLICOTT CITY,21042,12/18/2009,227.59,0.00
650,02,17,05,650,02,17,05,166500215,MISSION BBQ ELLICOTT CITY,3410,PLUMTREE DRIVE,ELLICOTT CITY,21042,06/15/2016,792.85,98.28
650,02,17,06,650,02,17,06,166500210,NORA'S KABOB ELLICOTT CITY,9338,BALTIMORE NATIONAL PIKE,ELLICOTT CITY,21042-2805,05/16/2016,257.27,37.27
650,02,18,01,650,02,18,01,650740,ENOTRIA,2,NEWPORT DRIVE,FOREST HILL,21050-1642,01/19/2011,397.35,27.35
650,02,18,02,650,02,18,02,650596,CHOPSTIX GOURMET FOREST HILL,1523,ROCK SPRING ROAD,FOREST HILL,21050-2855,11/25/2009,263.74,0.00
650,02,18,03,650,02,18,03,176500029,ECHO FREZCO FOREST HILL,1517,ROCK SPRING ROAD,FOREST HILL,21050,09/19/2017,380.86,9.22
650,02,18,04,650,02,18,04,176500006,KIYOMI SUSHI,1443,ROCK SPRING ROAD,BEL AIR,21014,03/03/2017,203.33,0.00
650,02,18,05,650,02,18,05,156500333,TACOS TOLTECA,2823,BELAIR ROAD,FALLSTON,21047,08/21/2015,509.42,123.03
650,02,18,06,650,02,18,06,196500021,VINCES CRAB HOUSE,2108,FALLSTON ROAD,FALLSTON,21047-1442,08/23/2019,331.47,0.00
650,02,19,01,650,02,19,01,650862,THE ORIENT RESTAURANT BEL AIR,15,NORTH MAIN STREET,BEL AIR,21014-3537,12/12/2011,221.51,0.00
650,02,19,02,650,02,19,02,216500043,LEDO PIZZA OF BELAIR,331,BALTIMORE PIKE,BEL AIR,21014-4122,12/21/2021,0.00,0.00
650,02,19,03,650,02,19,03,65097161,SAKURA OF BEL AIR,615,BELAIR ROAD,BEL AIR,21014,10/12/2001,488.41,126.43
650,02,19,04,650,02,19,04,156500439,RAINBOW KING,554,BALTIMORE PIKE,BEL AIR,21014,12/21/2015,234.67,0.00
650,02,19,05,650,02,19,05,246500003,AKIRA RAMEN BEL AIR,111,NORTH TOLLGATE ROAD,BEL AIR,21014,01/09/2024,177.41,0.00
650,02,19,06,650,02,19,06,216500035,MISSION BBQ - BEL AIR ,627,BELAIR ROAD,BEL AIR,21014,10/14/2021,727.32,91.77
650,02,19,07,650,02,19,07,650657,FRIENDLY'S HARFORD MALL,696,BELAIR ROAD,BEL AIR,21014,06/07/2010,238.94,96.30
650,03,01,08,650,03,01,08,216500026,LEDO PIZZA OF CHAMBERSBURG,1300,LINCOLN WAY EAST,CHAMBERSBURG,17202,07/12/2021,266.13,41.13
650,03,01,09,650,03,01,09,216500042,DOMINO'S PIZZA CHAMBERSBURG #4775,408,E. QUEEN STREET,CHAMBERSBURG,17201,12/01/2021,244.00,0.00
650,03,01,10,650,03,01,10,186500027,DOMINO'S PIZZA CHAMBERSBURG #4776,1515,LINCOLN WAY EAST,CHAMBERSBURG,17202-3316,09/21/2018,205.00,0.00
650,03,01,11,650,03,01,11,216500022,J & J'S ASIAN RESTAURANT ,34,BALTIMORE STREET,GETTYSBURG,17325,07/01/2021,0.00,0.00
650,03,01,12,650,03,01,12,650942,AKI JAPANESE STEAKHOUSE,1150,CARLISLE STREET,HANOVER,17331,10/17/2012,439.83,0.00
650,03,02,01,650,03,02,01,650585,KATANA SUSHI MT. AIRY,1311,SOUTH MAIN STREET,MT AIRY,21771-5330,10/21/2009,210.00,0.00
650,03,02,02,650,03,02,02,146500095,OLDE TOWN RESTAURANT,206,SOUTH MAIN STREET,MT AIRY,21771,07/23/2014,182.49,0.00
650,03,02,03,650,03,02,03,226500006,TONY LOCOS,710,LISBON CENTER DRIVE,SYKESVILLE,21797-8629,04/18/2022,691.80,103.17
650,03,02,04,650,03,02,04,650729,MAMMA ANGELA,5,RIDGESIDE COURT,MT AIRY,21771,11/23/2010,149.22,0.00
650,03,02,05,650,03,02,05,650968,LEDO PIZZA OF MT. AIRY,520,EAST RIDGEVILLE BOULEVARD,MT AIRY,21771-5252,01/17/2013,175.00,0.00
650,03,02,06,650,03,02,06,236500022,LOS AZTECAS II,1604,RIDGESIDE DRIVE,MT AIRY,21771-5240,07/19/2023,677.35,0.00
650,03,03,01,650,03,03,01,65092638,DING HOW TIMONIUM,12237,TULLAMORE ROAD,TIMONIUM,21093-7816,04/08/1997,165.00,0.00
650,03,03,02,650,03,03,02,166500234,LIBERATORE'S RISTORANTE & CATERING TIMONIUM ,9515,DEERECO ROAD,TIMONIUM,21093-2116,09/20/2016,645.69,0.00
650,03,03,04,650,03,03,04,650422,STONE MILL GOURMET TO GO,10751,FALLS ROAD,LUTHERVILLE ,21093-3619,05/25/2007,343.40,0.00
650,03,03,05,650,03,03,05,176500013,LA TOLTECA OWINGS MILLS,11515,REISTERSTOWN ROAD,OWINGS MILLS,21117-1815,04/13/2017,215.00,0.00
650,03,03,06,650,03,03,06,156500214,MESSIAH COMMUNITY CHURCH,909,BERRYMANS LANE,REISTERSTOWN,21136-6010,06/29/2015,0.00,0.00
650,03,03,"03,06",650,03,03,"03,06",650946,MICHAEL'S CAFE,2119,YORK ROAD,TIMONIUM,21093-3110,11/02/2012,2751.38,933.35
650,03,04,01,650,03,04,01,186500023,MAIWAND KABOB,6131,COLUMBIA CROSSING CIRCLE,COLUMBIA,21045-8208,08/31/2018,310.58,0.00
650,03,04,02,650,03,04,02,226500022,TAICHI BUBBLE TEA,6250,COLUMBIA CROSSING CIRCLE,COLUMBIA,21044,08/20/2022,240.00,0.00
650,03,04,03,650,03,04,03,176500030,IHOP COLUMBIA,8825,CENTRE PARK DRIVE,COLUMBIA,21045-2134,11/24/2017,343.17,171.59
650,03,04,04,650,03,04,04,650538,COAL FIRE PIZZA ELLICOTT CITY,5725,RICHARDS VALLEY ROAD,ELLICOTT CITY,21043,03/12/2009,792.48,406.75
650,03,04,05,650,03,04,05,650800,EAST MOON ASIAN BISTRO,5725,RICHARDS VALLEY ROAD,ELLICOTT CITY,21043,07/06/2011,318.04,0.00
650,03,04,06,650,03,04,06,650559,KATANA SUSHI ELKRIDGE,6060,MARSHALEE DRIVE,ELKRIDGE,21075-5991,06/01/2009,215.00,0.00
650,03,04,07,650,03,04,07,650494,ANLOI RESTAURANT,7104,MINSTREL WAY,COLUMBIA,21045-5539,07/29/2008,339.08,0.00
650,03,05,01,650,03,05,01,216500003,KUNG FU TEA,14708,BALTIMORE AVENUE,LAUREL,20707,01/04/2021,0.00,0.00
650,03,05,02,650,03,05,02,166500220,THE HIDEOUT,9855,WASHINGTON BOULEVARD NORTH,LAUREL,20707,07/08/2016,556.48,92.48
650,03,05,03,650,03,05,03,226500005,CHOPS BY RERA,10983,GUILFORD ROAD,JESSUP,20701,04/18/2022,261.23,0.00
650,03,05,04,650,03,05,04,6501076,IHOP JESSUP,7351,ASSATEAGUE DRIVE,JESSUP,20794,01/29/2014,358.33,179.17
650,03,05,05,650,03,05,05,6501038,RUDY'S MEDITERRANEAN GRILL,7185,COLUMBIA GATEWAY DRIVE,COLUMBIA,21046,08/06/2013,494.46,42.50
650,03,05,06,650,03,05,06,236500025,FLAVORS OF INDIA,7185,COLUMBIA GATEWAY DRIVE,COLUMBIA,21046,09/11/2023,246.00,0.00
650,03,05,07,650,03,05,07,65052084,NOTTINGHAM'S,8850,STANFORD BOULEVARD,COLUMBIA,21045,07/10/2006,842.40,201.18
650,03,05,08,650,03,05,08,650856,THE MANGO GROVE RESTAURANT,8865,STANFORD BOULEVARD,COLUMBIA,21045,12/01/2011,287.09,0.00
650,03,06,01,650,03,06,01,650354,CATTAIL CREEK COUNTRY CLUB,3600,CATTAIL CREEK DRIVE,GLENWOOD,21738-9648,09/11/2006,1751.11,278.95
650,03,06,02,650,03,06,02,650514,TEN OAKS TAVERN,3900,TEN OAKS ROAD,GLENELG,21737,10/27/2008,377.46,0.00
650,03,06,03,650,03,06,03,216500017,MARY'S LAND FARM,4979,SHEPPARD LANE,ELLICOTT CITY,21042,05/20/2021,150.00,0.00
650,03,06,04,650,03,06,04,236500012,MAIWAND KABOB - CLARKSVILLE,12165,CLARKSVILLE PIKE #300,CLARKSVILLE,21029,04/10/2023,246.00,0.00
650,03,06,05,650,03,06,05,156500003,KATANA SUSHI CLARKSVILLE,6343,TEN OAKS ROAD,CLARKSVILLE,21029,01/06/2015,271.84,0.00
650,03,06,06,650,03,06,06,166500213,MINT INDIAN CUISINE,12447,CLARKSVILLE PIKE,CLARKSVILLE,21029,06/02/2016,287.03,0.00
650,03,06,"07,01",650,03,06,"07,01",146500068,PARK TAVERN,580,GOVERNOR RITCHIE HIGHWAY,SEVERNA PARK ,21146,07/03/2014,1597.27,795.68
650,03,07,01,650,03,07,01,650500,RANAZUL,6420,FREETOWN ROAD SUITE 120,COLUMBIA,21044-4062,09/02/2008,265.58,89.92
650,03,07,02,650,03,07,02,650796,ASIAN PALACE,10801,HICKORY RIDGE ROAD,COLUMBIA,21044,06/08/2011,246.59,0.00
650,03,07,03,650,03,07,03,206500001,AKIRA RAMEN - COLUMBIA ,10101,TWIN RIVERS ROAD,COLUMBIA,21044,01/15/2020,525.35,45.58
650,03,07,04,650,03,07,04,206500002,URBAN HOT POT ,10100,TWIN RIVERS ROAD,COLUMBIA,21044,01/15/2020,356.44,63.78
650,03,07,05,650,03,07,05,186500020,BONCHON COLUMBIA,10100,TWIN RIVERS ROAD,COLUMBIA,21044,07/03/2018,302.65,9.22
650,03,07,06,650,03,07,06,226500024,NORA'S KABOB COLUMBIA,10300,LITTLE PATUXENT PARKWAY,COLUMBIA,21044,09/05/2022,260.10,20.10
650,03,07,07,650,03,07,07,246500004,TAKUMI SUSHI & BAR - COLUMBIA,10300,LITTLE PATUXENT PARKWAY,COLUMBIA,21044,01/09/2024,0.00,0.00
650,03,07,"08,01",650,03,07,"08,01",650934,ALE HOUSE COLUMBIA,6480,DOBBIN CENTER WAY,COLUMBIA,21045,10/05/2012,1674.37,720.67
650,03,08,01,650,03,08,01,216500014,DOK KHAO THAI EATERY,6000,MERRIWEATHER DRIVE,COLUMBIA,21044-3744,04/16/2021,860.01,71.70
650,03,08,02,650,03,08,02,236500014,CLOVE & CARDAMOM,6000,"MERRIWEATHER DRIVE, B115",COLUMBIA,21044,05/08/2023,204.73,0.00
650,03,08,03,650,03,08,03,236500002,PETER CHANG,6000,MERRIWEATHER DRIVE,COLUMBIA,21044-3744,01/02/2023,622.18,0.00
650,03,08,04,650,03,08,04,166500223,BLACK FLAG BREWING COMPANY,9315,SNOWDEN RIVER PARKWAY,COLUMBIA,21046,07/19/2016,240.68,10.68
650,03,08,05,650,03,08,05,226500015,LOST ARK DISTILLING,9570,BERGER ROAD,COLUMBIA,21046,07/11/2022,259.00,0.00
650,03,08,06,650,03,08,06,6501075,GINZA OF TOKYO,7530,MONTPELIER ROAD,LAUREL,20723,01/20/2014,313.18,0.00
650,03,08,07,650,03,08,07,216500006,PHO 5UP,11200,SCAGGSVILLE ROAD,LAUREL,20723,02/03/2021,234.48,0.00
650,03,08,"08,02",650,03,08,"08,02",226500003,THE ALL AMERICAN STEAKHOUSE - ELLICOTT CITY,8450,BALTIMORE NATIONAL PIKE,ELLICOTT CITY,21043-3347,02/04/2022,1642.50,659.30
650,03,09,01,650,03,09,01,166500218,NORA'S KABOB ELDERSBURG,6300,GEORGETOWN BOULEVARD,SYKESVILLE,21784,06/29/2016,304.97,45.97
650,03,09,02,650,03,09,02,166500203,CHINA DRAGON,6300,GEORGETOWN BOULEVARD,SYKESVILLE,21784,04/12/2016,215.00,0.00
650,03,09,03,650,03,09,03,236500013,TAICHI BUBBLE TEA,6300,GEORGETOWN BOULEVARD,ELDERSBURG,21784,05/10/2023,246.00,0.00
650,03,09,04,650,03,09,04,166500207,LOS AZTECAS,1213,LIBERTY ROAD,SYKESVILLE,21784,05/02/2016,624.58,0.00
650,03,09,05,650,03,09,05,166500009,G.L. SHACKS ELDERSBURG,1207,LIBERTY ROAD,ELDERSBURG,21784,01/15/2016,369.36,133.25
650,03,09,06,650,03,09,06,226500011,KINARA INDIAN CUISINE & BAR,5957,EXCHANGE DRIVE,ELDERSBURG,21784,06/13/2022,413.71,0.00
650,03,09,07,650,03,09,07,216500018,KATANA SUSHI - ELDERSBURG,5959,EXCHANGE DRIVE,ELDERSBURG,21784-9255,05/26/2021,255.92,30.92
650,03,09,08,650,03,09,08,650464,JY TOKYO MARKET,1437,LIBERTY LAKE DRIVE,ELDERSBURG,21784,02/13/2008,264.00,0.00
650,03,09,09,650,03,09,09,650362,AMANTE PIZZA & PASTA,21,LIBERTY ROAD,SYKESVILLE,21784-8633,08/17/2006,380.45,0.00
650,03,09,10,650,03,09,10,226500002,DANDELION BAKERY,7556,WEST MAIN STREET,SYKESVILLE,21784-7313,01/28/2022,289.46,20.17
650,03,10,01,650,03,10,01,216500010,MISSION BBQ - WESTMINSTER,584,JERMOR LANE,WESTMINSTER,21157-6126,02/22/2021,861.59,255.56
650,03,10,02,650,03,10,02,216500038,OLD WESTMINSTER WINERY,1550,OLD WESTMINSTER ROAD,WESTMINSTER,21157-6717,11/01/2021,385.54,0.00
650,03,10,03,650,03,10,03,216500011,HEAVY SEAS BREWING ,4615,HOLLINS FERRY ROAD,HALETHORPE,21227-4624,03/30/2021,260.00,0.00
650,03,10,04,650,03,10,04,166500228,KATANA SUSHI WESTMINSTER,410,MEADOW CREEK DRIVE,WESTMINSTER,21158,08/15/2016,252.87,42.87
650,03,10,05,650,03,10,05,65048493,SAKURA OF WESTMINSTER,5,WESTMINSTER SHOPPING CENTER,WESTMINSTER,21157,09/25/2003,660.34,239.20
650,03,10,06,650,03,10,06,206500004,WESTMINSTER ELKS LODGE,538,GORSUCH ROAD,WESTMINSTER,21157-6530,01/24/2020,305.57,45.57
650,03,10,07,650,03,10,07,166500222,KECCO'S NEOPOLITAN,114,WESTMINSTER PIKE,REISTERSTOWN,21136,07/15/2016,392.10,61.83
650,03,11,10,650,03,11,10,186500001,LEDO PIZZA OF ELKRIDGE,7190,TROY HILL DRIVE,ELKRIDGE,21075-7055,01/23/2018,613.29,272.65
650,03,11,11,650,03,11,11,65022116,CHOPSTIXX CAFE,7260,MONTGOMERY ROAD,ELKRIDGE,21075-9100,09/10/2006,225.00,0.00
650,03,11,12,650,03,11,12,650561,G.L. SHACKS CATONSVILLE,583,FREDERICK ROAD,CATONSVILLE,21228,05/20/2009,627.77,195.82
650,03,11,13,650,03,11,13,65035326,PHO 1,5764,BALTIMORE NATIONAL PIKE,CATONSVILLE,21228,08/28/2003,308.83,31.65
650,03,11,14,650,03,11,14,176500034,IHOP CATONSVILLE,5525,BALTIMORE NATIONAL PIKE,CATONSVILLE,21228-1553,12/22/2017,361.20,180.60
650,03,11,15,650,03,11,15,196500002,THAI HEAVEN RESTAURANT,6413,FREDERICK ROAD,CATONSVILLE,21228-3504,01/07/2019,230.00,0.00
650,03,11,16,650,03,11,16,236500029,EDEN SPORTS BAR & GRILL,1401,BLOOMFIELD AVENUE,BALTIMORE,21227-1076,12/15/2023,0.00,0.00
650,03,11,17,650,03,11,17,186500021,LAS ESPERANZAS CAFE 1,2159,WEST PATAPSCO AVENUE,BALTIMORE,21230,08/02/2018,230.00,0.00
650,03,12,01,650,03,12,01,206500011,ROYAL SPICE ,810,NURSERY ROAD,LINTHICUM HEIGHTS,21090-1304,10/20/2020,269.62,23.90
650,03,12,02,650,03,12,02,216500020,O'FISHEL KOSHER CATERERS ,7000,ROCKLAND HILLS DRIVE,PIKESVILLE,21209-1112,03/15/2021,0.00,0.00
650,03,12,03,650,03,12,03,156500201,TORO BRAVO,802,PINNACLE DRIVE,LINTHICUM HEIGHTS,21090,06/25/2015,336.53,0.00
650,03,12,04,650,03,12,04,186500013,GLORY DAYS GRILL - LINTHICUM,1616,WEST NURSERY ROAD,LINTHICUM HEIGHTS,21090,05/15/2018,1430.38,946.80
650,03,12,05,650,03,12,05,226500001,TOMO ASIAN CUISINE,7698,DORCHESTER BOULEVARD,HANOVER,21076-1946,01/18/2022,240.00,0.00
650,03,12,06,650,03,12,06,650810,RANGOLI RESTAURANT,7791,ARUNDEL MILLS BOULEVARD,HANOVER,21076,08/15/2011,596.86,102.97
650,03,12,07,650,03,12,07,196500030,MAI DRAGON,2647,ANNAPOLIS ROAD,HANOVER,21076-1262,10/04/2019,245.51,0.00
650,03,13,07,650,03,13,07,236500016,PHO 5UP - ODENTON,2288,"BLUE WATER BLVD , #260",ODENTON,21113,05/04/2023,246.00,0.00
650,03,13,08,650,03,13,08,236500027,THE ALL AMERICAN STEAKHOUSE - ODENTON,1502,ANNAPOLIS ROAD,ODENTON,21113-1001,09/28/2023,1220.20,256.20
650,03,13,09,650,03,13,09,65077242,HUNAN L' ROSE RESTAURANT,1131,ANNAPOLIS ROAD,ODENTON,21113,04/24/2006,378.96,0.00
650,03,13,10,650,03,13,10,166500224,THREE BROTHERS ITALIAN RESTAURANT ODENTON,1139,ANNAPOLIS ROAD,ODENTON,21113,07/20/2016,349.49,20.83
650,03,13,11,650,03,13,11,6502791,FORTUNE COOKY RESTAURANT,7978,CRAIN HIGHWAY SOUTH,GLEN BURNIE ,21061,01/26/2006,231.77,0.00
650,03,13,12,650,03,13,12,650780,FRIENDLY'S CRAIN HIGHWAY,412,CRAIN HIGHWAY SOUTH,GLEN BURNIE,21061-3645,04/19/2011,163.16,54.25
650,03,13,13,650,03,13,13,650661,LOS PORTALES,6938,AVIATION BOULEVARD,GLEN BURNIE ,21061-2576,06/11/2010,470.10,0.00
650,03,13,14,650,03,13,14,650597,WILLY'S RESTAURANT,7271,BALTIMORE ANNAPOLIS BOULEVARD,GLEN BURNIE ,21061,12/21/2009,217.05,0.00
650,03,14,02,650,03,14,02,166500232,LAS ESPERANZAS CAFÉ 2,5725,RITCHIE HIGHWAY,BROOKLYN PARK,21225-3645,09/15/2016,377.69,0.00
650,03,14,03,650,03,14,03,65092646,EL SALTO BALTIMORE,5513,RITCHIE HIGHWAY,BROOKLYN,21225-3470,05/15/1997,622.47,36.47
650,03,14,04,650,03,14,04,6501057,LITTLE INDIA CAFE,20,EAST ORDNANCE ROAD,GLEN BURNIE ,21060,09/24/2013,334.58,45.58
650,03,14,05,650,03,14,05,650616,LEDO PIZZA OF GLEN BURNIE,16,EAST ORDNANCE ROAD,GLEN BURNIE ,21060,02/23/2010,334.48,96.15
650,03,14,06,650,03,14,06,6501032,YAMA SUSHI BAR GLEN BURNIE,6714,RITCHIE HIGHWAY,GLEN BURNIE ,21061-2870,07/17/2013,284.31,0.00
650,03,14,07,650,03,14,07,226500010,MI PUEBLITO,6914,RITCHIE HWY,GLEN BURNIE ,21061,06/09/2022,616.88,0.00
650,03,14,08,650,03,14,08,650782,FRIENDLY'S RITCHIE HIGHWAY,7134,RITCHIE HIGHWAY,GLEN BURNIE ,21061-2904,04/19/2011,213.55,79.44
650,03,14,09,650,03,14,09,146500170,SAKE JAPANESE RESTAURANT & SUSHI BAR,7315,GOVERNOR RITCHIE HIGHWAY,GLEN BURNIE ,21061-3104,09/18/2014,540.09,0.00
650,03,15,01,650,03,15,01,650924,EAST MOON ASIAN BISTRO & SUSHI,7400,RITCHIE HIGHWAY,GLEN BURNIE ,21061,08/08/2012,210.00,0.00
650,03,15,02,650,03,15,02,176500028,MALI THAI RESTAURANT,7477,BALTIMORE ANNAPOLIS BOULEVARD,GLEN BURNIE ,21061,09/08/2017,210.00,0.00
650,03,15,03,650,03,15,03,650649,MI PUEBLO,7556,RITCHIE HIGHWAY,GLEN BURNIE ,21061-3717,05/05/2010,474.61,0.00
650,03,15,04,650,03,15,04,216500005,CRAZY CRAB,805,AQUAHART ROAD,GLEN BURNIE ,21061-3968,01/14/2021,652.31,165.48
650,03,15,05,650,03,15,05,146500247,MISSION BBQ GLEN BURNIE,7748,RITCHIE HIGHWAY,GLEN BURNIE ,21061-4378,11/25/2014,1168.18,542.40
650,03,16,01,650,03,16,01,186500005,VILLA FLORES RESTAURANT,7693,BALTIMORE ANNAPOLIS BOULEVARD,GLEN BURNIE ,21060-7554,02/22/2018,316.42,0.00
650,03,16,02,650,03,16,02,65094262,SAKURA OF GLEN BURNIE,34,MOUNTAIN ROAD,GLEN BURNIE ,21060-7974,12/05/2000,613.96,301.58
650,03,16,03,650,03,16,03,166500126,GENERAL HOUSE,60,MOUNTAIN ROAD,GLEN BURNIE ,21060-7974,03/10/2016,230.00,0.00
650,03,16,04,650,03,16,04,186500003,BONCHON PASADENA,8159,RITCHIE HIGHWAY,PASADENA,21122,01/30/2018,240.17,0.00
650,03,16,05,650,03,16,05,650918,PICANTILLO,4590,MOUNTAIN ROAD,PASADENA,21122-5330,08/14/2012,355.51,0.00
650,03,16,06,650,03,16,06,6501026,MI PUEBLO II,554,GOVERNOR RITCHIE HIGHWAY,SEVERNA PARK ,21146,06/27/2013,655.43,0.00
650,03,16,07,650,03,16,07,216500007,PASSION ASIAN BISTRO,25,MAGOTHY BEACH ROAD,PASADENA,21122-4461,02/11/2021,268.85,0.00
650,03,17,01,650,03,17,01,206500012,ROMILOS,478A,RITCHIE HIGHWAY,SEVERNA PARK ,21146,10/21/2020,320.31,0.00
650,03,17,02,650,03,17,02,650615,N.M. CARROLL MANOR,701,NORTH ARLINGTON AVENUE,BALTIMORE,21217-2455,03/01/2010,335.00,0.00
650,03,17,03,650,03,17,03,65078800,GLORY DAYS GRILL - GLEN BURNIE,7939,RITCHIE HIGHWAY,GLEN BURNIE ,21060,12/20/2002,1608.45,968.50
650,03,17,04,650,03,17,04,196500036,EAST WEST BISTRO ,8151,RITCHIE HIGHWAY,PASADENA,21122,12/12/2019,427.39,45.35
650,03,17,05,650,03,17,05,236500026,PHO DENA ,4141,MOUNTAIN ROAD,PASADENA,21122-4455,09/21/2023,246.00,0.00
650,03,17,06,650,03,17,06,650691,FRIENDLY'S PASADENA,4189,MOUNTAIN ROAD,PASADENA,21122,08/24/2010,204.45,74.89
650,03,17,07,650,03,17,07,6501010,LIFE PHO,484,RITCHIE HIGHWAY,SEVERNA PARK ,21146,05/07/2013,309.98,0.00
650,03,18,02,650,03,18,02,216500023,APRIL'S TABLE ,544,BALTIMORE ANNAPOLIS BOULEVARD,SEVERNA PARK,21146,07/01/2021,260.00,0.00
650,03,18,03,650,03,18,03,216500036,THE SOCIAL ,139,RITCHIE HIGHWAY,SEVERNA PARK ,21146,10/07/2021,407.81,0.00
,,,,,,,,,,,,,,,,
